metric, mean of means, mean of stan dev, stan dev of means, 				stan dev of stan dev 
eigenvector, 0.011252447200692815, 0.04581586118150747, 0.0012731787605220787, 0.0010412702423046964, 
