metric, mean of means, mean of stan dev, stan dev of means, 				stan dev of stan dev 
eigenvector, 0.008872101051230012, 0.02881619912329103, 5.573552826911309e-05, 1.7136668358004547e-05, 
