metric, mean of means, mean of stan dev, stan dev of means, 				stan dev of stan dev 
eigenvector, 0.01221076399680413, 0.03932438255678368, 0.0006991461759479685, 0.000830344623523076, 
