metric, mean of means, mean of stan dev, stan dev of means, 				stan dev of stan dev 
eigenvector, 0.009042134990066585, 0.02876334544472543, 2.4558731415982052e-05, 7.720649380109583e-06, 
