metric, mean of means, mean of stan dev, stan dev of means, 				stan dev of stan dev 
eigenvector, 0.011917476712156401, 0.03342132369034092, 0.0005157868391835243, 0.0007787010741302828, 
