metric, mean of means, mean of stan dev, stan dev of means, 				stan dev of stan dev 
eigenvector, 0.009126934789048627, 0.02873655672814696, 1.5887985848251384e-05, 5.042743335809744e-06, 
